{"core": 866.2334671474334, "memory": 847.7307765299477, "ssd": 563.0616143497489, "nic": 770.6582750000014}